Data;empresa;LL;at;ief;roe;moper;empresa;LL;at;ief;roe;moper;empresa;LL;at;ief;roe;moper;empresa;LL;at;ief;roe;moper;empresa;LL;at;ief;roe;moper;empresa;LL;at;ief;roe;moper;empresa;LL;at;ief;roe;moper;empresa;LL;at;ief;roe;moper;;;;;;
31/12/2022;ITAUUNIBANCO;30737.00;2323440.00;;17.33;13.01;BRADESCO;21217.20;1799615.68;;13.37;11.10;BTGP BANCO;7841.84;369588.19;;18.51;12.59;SANTANDER BR;14339.48;985450.83;;12.96;16.82;BRASIL;29849.34;2007727.98;;18.30;14.03;BANCO BMG;65.35;44588.27;47.77;1.58;-4.35;BANCO PAN;668.28;55626.61;;9.38;6.81;BANRISUL;842.24;113659.79;;8.85;5.22;;;;;;
30/09/2022;ITAUUNIBANCO;29994.00;2283335.00;;17.27;18.71;BRADESCO;22466.04;1571322.96;;14.32;4.13;BTGP BANCO;7154.94;368817.60;;16.93;15.60;SANTANDER BR;15061.20;985777.18;;13.67;19.33;BRASIL;27510.51;2187760.89;;18.70;11.07;BANCO BMG;201.62;45790.52;59.17;5.25;-4.66;BANCO PAN;726.33;55785.14;59.23;9.32;6.13;BANRISUL;711.63;112857.12;;7.90;-1.44;;;;;;
30/06/2022;ITAUUNIBANCO;28128.00;2165608.00;;16.76;17.34;BRADESCO;23903.14;1443087.18;;15.65;4.70;BTGP BANCO;6398.73;384224.41;;15.47;14.84;SANTANDER BR;15493.87;969851.76;;14.31;20.56;BRASIL;24008.49;2135261.94;;16.57;10.11;BANCO BMG;190.56;43170.96;56.96;4.96;-5.29;BANCO PAN;746.33;55080.00;60.65;9.67;7.26;BANRISUL;796.29;109120.69;;8.88;0.32;;;;;;
31/03/2022;ITAUUNIBANCO;29099.00;2069267.00;;17.86;19.29;BRADESCO;22801.97;1436113.28;;15.09;13.76;BTGP BANCO;7563.48;327950.91;;19.25;31.74;SANTANDER BR;15315.79;950925.64;;14.40;28.89;BRASIL;21987.85;2080278.65;;15.49;13.57;BANCO BMG;204.18;36995.23;55.32;5.29;-2.06;BANCO PAN;779.80;52599.56;60.73;10.16;8.81;BANRISUL;833.69;103748.81;;9.27;3.58;;;;;;
31/12/2021;ITAUUNIBANCO;28384.00;2069206.00;;17.26;20.99;BRADESCO;23380.80;1675572.19;;15.56;25.85;BTGP BANCO;6294.48;318201.80;27.13;16.84;29.53;SANTANDER BR;15559.32;931208.40;;14.68;31.55;BRASIL;19722.87;1899340.51;;13.50;16.60;BANCO BMG;241.91;36930.53;54.39;6.26;-2.16;BANCO PAN;727.48;48139.72;;12.18;12.38;BANRISUL;1084.47;105768.68;;11.93;18.68;;;;;;
30/09/2021;ITAUUNIBANCO;29544.00;2043009.00;;18.59;22.73;BRADESCO;24239.40;1443107.64;;16.42;23.78;BTGP BANCO;7223.74;340556.06;25.32;19.92;45.00;SANTANDER BR;15652.48;945582.44;;14.78;44.21;BRASIL;17392.75;2033137.26;;12.72;11.04;BANCO BMG;232.23;33436.61;;5.91;1.25;BANCO PAN;755.07;44480.41;;13.30;10.35;BANRISUL;933.11;101328.13;;10.67;8.57;;;;;;
30/06/2021;ITAUUNIBANCO;28248.00;1957245.00;;18.29;21.74;BRADESCO;21785.50;1398077.35;;14.87;23.86;BTGP BANCO;6821.68;301413.18;22.98;19.47;42.42;SANTANDER BR;15597.27;929324.38;;14.66;49.59;BRASIL;15888.73;1912107.22;;11.73;10.33;BANCO BMG;297.24;31095.96;;7.29;6.14;BANCO PAN;733.88;43148.20;;13.20;11.00;BANRISUL;894.34;97850.64;;10.34;10.58;;;;;;
31/03/2021;ITAUUNIBANCO;17606.00;2023217.00;;11.02;12.39;BRADESCO;19317.41;1387363.16;;13.39;1.95;BTGP BANCO;4861.50;301280.95;27.41;15.98;21.65;SANTANDER BR;13647.45;944800.83;;12.96;34.93;BRASIL;13480.08;1891609.38;;10.57;2.80;BANCO BMG;304.44;28739.44;;7.53;8.46;BANCO PAN;675.29;39159.51;;12.43;10.48;BANRISUL;748.89;95410.65;;8.73;8.73;;;;;;
31/12/2020;ITAUUNIBANCO;15064.00;2019251.00;42.25;9.75;2.20;BRADESCO;16033.96;1604653.79;;10.97;3.69;BTGP BANCO;3280.13;253266.80;49.97;12.29;-4.21;SANTANDER BR;13450.75;936201.49;;12.68;15.22;BRASIL;13292.88;1693794.00;;10.40;9.38;BANCO BMG;310.08;28166.56;47.78;7.47;8.63;BANCO PAN;627.38;38863.45;;11.32;9.72;BANRISUL;619.86;92582.44;;7.51;9.86;;;;;;
30/09/2020;ITAUUNIBANCO;15589.00;1998284.00;;10.54;-1.23;BRADESCO;15965.34;1410189.14;;11.61;-57.15;BTGP BANCO;2853.08;272559.84;46.73;10.98;-5.90;SANTANDER BR;15237.72;891910.54;;14.68;7.28;BRASIL;15003.08;1839773.40;66.87;13.39;-6.17;BANCO BMG;411.16;24861.67;;10.02;3.51;BANCO PAN;652.20;35377.53;;12.49;5.48;BANRISUL;892.28;90033.72;;10.68;5.47;;;;;;
30/06/2020;ITAUUNIBANCO;15995.00;1954009.00;;11.19;-1.42;BRADESCO;17608.24;1329517.50;85.62;13.03;-64.99;BTGP BANCO;2444.83;245129.73;56.11;9.56;-8.96;SANTANDER BR;15395.86;863125.20;;15.22;5.23;BRASIL;16127.34;1780471.32;63.91;15.36;-7.20;BANCO BMG;393.16;22180.30;;9.65;3.00;BANCO PAN;616.57;33741.26;;12.06;4.75;BANRISUL;1066.37;86600.41;64.07;12.98;7.18;;;;;;
31/03/2020;ITAUUNIBANCO;24588.00;1848102.00;;17.13;5.02;BRADESCO;20144.26;1240264.47;76.22;15.55;-45.84;BTGP BANCO;2225.45;236220.86;44.80;10.12;-1.18;SANTANDER BR;16824.13;830398.30;;16.88;13.62;BRASIL;17171.10;1663538.09;61.72;16.80;-6.64;BANCO BMG;373.50;19832.48;;9.35;1.55;BANCO PAN;590.39;33738.51;;11.76;4.91;BANRISUL;1281.98;82939.75;60.22;15.89;9.66;;;;;;
31/12/2019;ITAUUNIBANCO;27813.00;1637481.00;37.38;18.61;15.50;BRADESCO;21173.21;1378527.69;47.64;15.62;9.80;BTGP BANCO;4053.42;166344.09;;18.47;35.17;SANTANDER BR;16631.45;762237.45;;17.11;30.37;BRASIL;18888.32;1452266.81;;17.18;9.05;BANCO BMG;389.81;19573.48;;9.58;4.12;BANCO PAN;621.82;33179.45;;12.01;7.19;BANRISUL;1269.95;82539.50;55.67;16.27;15.81;;;;;;
30/09/2019;ITAUUNIBANCO;25955.00;1613947.00;;18.04;28.74;BRADESCO;22780.26;1143217.96;53.42;16.47;-4.64;BTGP BANCO;3079.75;179779.25;22.95;14.83;25.97;SANTANDER BR;14888.56;753262.49;;14.86;31.48;BRASIL;16002.96;1568535.64;51.78;16.94;3.59;BANCO BMG;285.93;18548.96;;10.43;13.16;BANCO PAN;421.99;31967.39;52.22;8.74;8.30;BANRISUL;1199.75;79992.91;62.63;15.51;13.16;;;;;;
30/06/2019;ITAUUNIBANCO;26781.00;1566311.00;;18.62;29.16;BRADESCO;21952.97;1132657.45;52.37;16.43;2.36;BTGP BANCO;2725.45;188544.34;25.63;13.37;23.52;SANTANDER BR;14167.22;737602.60;;14.67;32.65;BRASIL;14933.56;1601798.33;52.21;16.29;6.57;BANCO BMG;294.43;18039.46;;10.91;14.89;BANCO PAN;336.57;30625.42;50.73;7.96;7.48;BANRISUL;1198.06;78631.09;62.59;15.94;14.30;;;;;;
31/03/2019;ITAUUNIBANCO;25985.00;1545971.00;;18.74;25.85;BRADESCO;20438.67;1117595.93;56.84;16.13;-5.64;BTGP BANCO;1419.84;182143.59;57.17;7.32;-11.86;SANTANDER BR;13600.84;705033.06;;14.44;23.40;BRASIL;13839.44;1579306.48;53.39;14.64;5.38;BANCO BMG;264.70;17466.88;;9.97;14.32;BANCO PAN;261.07;28944.08;49.76;6.28;6.29;BANRISUL;1124.62;77378.97;64.58;15.27;13.44;;;;;;
31/12/2018;ITAUUNIBANCO;25639.00;1552797.00;;17.04;22.74;BRADESCO;16748.44;1305543.71;46.25;13.43;15.78;BTGP BANCO;2437.11;131989.53;52.35;12.77;28.24;SANTANDER BR;12799.92;723865.01;;13.97;22.48;BRASIL;15086.10;1396507.47;;14.43;16.98;BANCO BMG;219.84;17368.93;;8.38;13.22;BANCO PAN;198.29;27472.05;;4.67;5.64;BANRISUL;908.60;78336.41;59.33;12.33;16.30;;;;;;
30/09/2018;ITAUUNIBANCO;24462.00;1524489.00;;16.88;19.27;BRADESCO;17795.78;1090575.90;65.20;15.39;-1.71;BTGP BANCO;851.34;179082.96;349.12;4.45;-65.05;SANTANDER BR;11518.79;703837.22;;12.56;16.33;BRASIL;11979.67;1539260.85;59.91;12.91;3.02;BANCO BMG;;;;;;BANCO PAN;202.76;28130.22;50.39;5.01;3.23;BANRISUL;1312.52;75298.16;59.54;18.11;17.68;;;;;;
30/06/2018;ITAUUNIBANCO;24049.00;1469095.00;;17.08;20.42;BRADESCO;15670.09;1043244.11;64.99;13.86;-1.24;BTGP BANCO;1293.70;168122.97;87.38;6.75;-37.98;SANTANDER BR;10660.93;696437.35;;11.94;18.25;BRASIL;11698.50;1513677.59;61.41;12.78;3.12;BANCO BMG;;;;;;BANCO PAN;264.91;27071.39;52.58;6.60;2.32;BANRISUL;1242.75;74736.81;61.07;17.67;16.12;;;;;;
31/03/2018;ITAUUNIBANCO;24947.00;1441407.00;;18.29;22.96;BRADESCO;15053.79;1037617.93;63.54;13.23;-0.59;BTGP BANCO;1671.08;153394.58;69.57;8.96;-22.75;SANTANDER BR;10002.90;673666.26;;11.32;21.59;BRASIL;11214.79;1478842.48;62.21;12.49;3.93;BANCO BMG;;;;;;BANCO PAN;265.49;26154.65;52.53;6.65;2.67;BANRISUL;1168.47;71161.80;62.54;16.24;14.69;;;;;;
31/12/2017;ITAUUNIBANCO;24268.00;1434969.00;54.79;16.40;21.45;BRADESCO;17314.60;1224353.44;46.89;14.71;15.98;BTGP BANCO;2367.40;117472.28;72.61;12.54;19.46;SANTANDER BR;9138.05;645703.04;;10.49;20.22;BRASIL;12275.30;1353075.04;;12.13;11.40;BANCO BMG;;;;;;BANCO PAN;243.29;26137.08;;6.31;4.01;BANRISUL;1095.51;74367.49;56.43;14.89;16.31;;;;;;
30/09/2017;ITAUUNIBANCO;24528.00;1373518.00;;17.07;21.18;BRADESCO;14457.90;1088796.38;61.01;13.11;0.40;BTGP BANCO;2385.86;143389.76;21.88;12.86;13.14;SANTANDER BR;8171.96;651368.09;;9.01;16.55;BRASIL;8787.83;1458256.15;67.28;10.70;2.76;BANCO BMG;;;;;;BANCO PAN;157.93;27241.29;60.81;4.48;3.86;BANRISUL;701.71;70840.61;72.26;10.43;6.20;;;;;;
30/06/2017;ITAUUNIBANCO;24232.00;1361222.00;;17.50;18.75;BRADESCO;14810.44;1062273.75;62.17;13.87;-1.71;BTGP BANCO;2393.75;143444.67;27.09;13.28;7.21;SANTANDER BR;8089.75;633473.58;;9.14;12.88;BRASIL;8195.91;1503116.04;67.95;10.28;2.00;BANCO BMG;;;;;;BANCO PAN;33.69;27238.86;65.22;0.97;2.52;BANRISUL;586.27;69994.28;73.80;8.88;4.76;;;;;;
31/03/2017;ITAUUNIBANCO;23762.00;1323995.00;;17.71;20.81;BRADESCO;15032.85;1082543.99;54.41;14.38;7.42;BTGP BANCO;3272.71;151052.06;20.86;17.90;33.21;SANTANDER BR;7642.05;624757.30;;8.69;18.64;BRASIL;8012.91;1465545.79;67.26;10.21;3.47;BANCO BMG;;;;;;BANCO PAN;-137.47;26787.82;73.55;-4.02;-0.87;BANRISUL;600.14;68434.24;72.19;9.26;5.44;;;;;;
31/12/2016;ITAUUNIBANCO;23582.00;1353241.00;49.40;17.49;21.61;BRADESCO;17992.73;1192029.66;40.26;17.06;18.54;BTGP BANCO;4714.96;111407.60;36.79;27.48;48.67;SANTANDER BR;7464.92;634393.24;;8.80;21.18;BRASIL;8659.58;1387215.69;;9.61;6.48;BANCO BMG;;;;;;BANCO PAN;-146.17;27776.06;;-3.97;-3.52;BANRISUL;728.88;70154.96;56.39;10.84;10.12;;;;;;
30/09/2016;ITAUUNIBANCO;22783.00;1324122.00;;16.81;22.04;BRADESCO;15844.49;972203.11;47.89;16.08;16.87;BTGP BANCO;4272.77;146027.26;26.28;20.10;37.95;SANTANDER BR;7494.04;611882.11;;8.46;23.18;BRASIL;9458.43;1550909.34;64.95;12.68;4.87;BANCO BMG;;;;;;BANCO PAN;-203.76;26734.88;75.63;-5.97;-3.66;BANRISUL;644.15;66856.61;69.08;9.96;6.52;;;;;;
30/06/2016;ITAUUNIBANCO;26459.00;1316342.00;;20.18;18.14;BRADESCO;16727.59;953759.61;57.94;17.36;-1.72;BTGP BANCO;5403.74;144147.82;34.31;25.94;-21.53;SANTANDER BR;6910.60;605448.24;;8.06;11.94;BRASIL;10253.94;1551538.66;71.49;14.13;-1.41;BANCO BMG;;;;;;BANCO PAN;-146.50;25674.09;75.99;-4.28;-4.79;BANRISUL;898.46;66670.80;66.71;13.95;8.09;;;;;;
31/03/2016;ITAUUNIBANCO;26071.00;1203294.00;53.02;22.70;17.60;BRADESCO;17067.06;954610.31;62.92;18.29;-6.77;BTGP BANCO;5694.73;149723.31;39.09;27.99;-43.68;SANTANDER BR;10027.22;592751.09;;12.03;7.11;BRASIL;10742.97;1515592.20;72.54;14.70;-2.30;BANCO BMG;;;;;;BANCO PAN;-14.53;26145.61;70.07;-0.41;-1.32;BANRISUL;889.82;64841.89;67.52;14.08;7.98;;;;;;
31/12/2015;ITAUUNIBANCO;26156.00;1276415.00;57.25;22.93;13.62;BRADESCO;18237.91;1026703.52;47.87;20.06;7.05;BTGP BANCO;576.02;242998.06;368.23;2.85;-24.36;SANTANDER BR;9833.83;605394.53;;12.32;-4.77;BRASIL;15798.04;1388864.53;;18.32;5.56;BANCO BMG;;;;;;BANCO PAN;143.89;26235.57;;3.80;0.68;BANRISUL;880.22;68103.61;56.14;13.59;10.74;;;;;;
30/09/2015;ITAUUNIBANCO;27448.00;1241933.00;58.41;24.59;13.65;BRADESCO;16830.26;969652.51;84.80;19.52;-33.95;BTGP BANCO;4837.16;188119.01;88.96;25.64;-76.42;SANTANDER BR;9715.48;611157.94;;11.82;-5.98;BRASIL;14626.06;1510509.51;68.50;20.20;-5.09;BANCO BMG;;;;;;BANCO PAN;200.84;24866.98;69.37;5.58;-3.09;BANRISUL;947.46;64359.70;67.00;15.50;8.83;;;;;;
30/06/2015;ITAUUNIBANCO;24134.00;1133898.00;53.10;22.82;19.29;BRADESCO;16585.24;943009.01;64.89;19.07;-16.37;BTGP BANCO;3792.86;161241.55;37.77;23.30;-51.29;SANTANDER BR;9321.21;565644.42;;10.96;3.04;BRASIL;14354.12;1460958.07;62.66;19.95;0.30;BANCO BMG;;;;;;BANCO PAN;86.89;24616.75;69.45;2.44;-2.54;BANRISUL;803.47;62985.95;67.06;13.74;9.41;;;;;;
31/03/2015;ITAUUNIBANCO;23043.00;1169439.00;54.07;22.58;19.01;BRADESCO;15889.63;975608.37;66.61;18.93;-19.19;BTGP BANCO;3369.78;163235.18;37.70;21.79;-37.72;SANTANDER BR;5928.00;550568.09;;7.43;2.52;BRASIL;14213.91;1465549.45;61.67;19.58;0.66;BANCO BMG;;;;;;BANCO PAN;12.94;24639.56;75.32;0.36;-5.84;BANRISUL;760.68;60731.18;64.99;13.25;8.61;;;;;;
31/12/2014;ITAUUNIBANCO;21861.00;1127203.00;51.63;21.73;21.89;BRADESCO;15416.48;930451.02;44.03;18.73;17.99;BTGP BANCO;1901.15;157712.09;66.05;12.27;12.24;SANTANDER BR;5707.78;520230.91;;7.25;10.78;BRASIL;13343.50;1278136.95;;15.62;11.33;BANCO BMG;;;;;;BANCO PAN;82.52;25579.36;;2.26;1.19;BANRISUL;621.02;60461.04;59.02;10.69;10.32;;;;;;
30/09/2014;ITAUUNIBANCO;20374.00;1077711.00;53.08;21.49;22.87;BRADESCO;14174.74;933101.65;62.84;17.89;-8.91;BTGP BANCO;3413.89;135283.93;;24.01;6.14;SANTANDER BR;5721.73;495916.35;;7.25;8.86;BRASIL;11400.03;1369739.68;64.91;14.46;5.47;BANCO BMG;;;;;;BANCO PAN;-405.01;23583.74;80.52;-11.88;-11.53;BANRISUL;632.18;58658.42;66.54;11.67;8.84;;;;;;
30/06/2014;ITAUUNIBANCO;18709.00;1039731.00;53.19;20.94;24.39;BRADESCO;13364.12;892034.32;59.92;17.40;-2.05;BTGP BANCO;3224.94;114327.25;;24.02;22.25;SANTANDER BR;5749.03;470787.53;;7.31;11.44;BRASIL;11342.24;1344627.84;63.92;16.33;7.74;BANCO BMG;;;;;;BANCO PAN;-362.14;20896.66;75.93;-16.79;-9.75;BANRISUL;599.81;56927.83;66.80;11.38;9.53;;;;;;
31/03/2014;ITAUUNIBANCO;17633.00;1025285.00;54.52;20.63;22.27;BRADESCO;12535.09;904060.44;64.70;17.10;-8.41;BTGP BANCO;3096.01;122395.30;;23.80;17.42;SANTANDER BR;5688.36;457736.25;;7.39;7.66;BRASIL;16002.21;1294187.53;64.78;22.39;6.04;BANCO BMG;;;;;;BANCO PAN;-326.17;20353.27;71.87;-14.65;-8.27;BANRISUL;664.69;57272.36;67.38;12.88;12.47;;;;;;
31/12/2013;ITAUUNIBANCO;16522.00;1027297.00;55.33;19.62;21.37;BRADESCO;12486.14;838301.61;48.04;17.32;17.06;BTGP BANCO;2584.82;120888.31;;20.17;32.11;SANTANDER BR;5848.12;453052.70;;7.16;7.67;BRASIL;11288.83;1162167.88;;14.78;12.30;BANCO BMG;;;;;;BANCO PAN;-94.04;21922.82;;-4.20;-0.34;BANRISUL;748.97;54114.96;57.73;14.04;16.96;;;;;;
30/09/2013;ITAUUNIBANCO;10604.59;107306.07;;12.14;51.75;BRADESCO;11825.19;869880.44;59.81;17.64;-4.46;BTGP BANCO;2514.75;117349.78;;21.69;29.26;SANTANDER BR;5216.74;440118.56;;6.39;10.26;BRASIL;16667.76;1178131.25;61.01;26.12;9.70;BANCO BMG;;;;;;BANCO PAN;-105.31;19402.41;74.02;-4.18;-4.37;BANRISUL;794.12;53757.79;62.84;15.86;18.24;;;;;;
30/06/2013;ITAUUNIBANCO;10385.71;106295.91;;12.12;49.74;BRADESCO;11623.58;872158.94;59.60;17.60;-3.51;BTGP BANCO;2325.35;122960.80;26.95;21.18;31.50;SANTANDER BR;5332.31;435801.61;;6.58;10.62;BRASIL;16787.25;1138813.79;61.25;26.85;10.50;BANCO BMG;;;;;;BANCO PAN;-300.44;19525.00;92.42;-11.86;-15.88;BANRISUL;818.69;52769.95;61.44;16.75;19.66;;;;;;
31/03/2013;ITAUUNIBANCO;10505.71;103502.79;;12.33;49.55;BRADESCO;11507.83;866004.42;58.70;16.57;-2.87;BTGP BANCO;2105.84;102550.13;25.97;19.96;32.13;SANTANDER BR;5312.89;427358.95;;6.66;10.39;BRASIL;12338.45;1105744.90;60.45;19.95;13.96;BANCO BMG;;;;;;BANCO PAN;-553.74;19078.90;147.16;-21.57;-32.05;BANRISUL;808.86;47952.24;60.89;16.92;18.35;;;;;;
31/12/2012;ITAUUNIBANCO;13191.00;957154.00;52.34;17.36;16.97;BRADESCO;11351.69;801186.70;44.50;15.91;16.79;BTGP BANCO;2154.13;124425.73;;20.63;33.20;SANTANDER BR;5459.28;421084.96;;6.69;10.33;BRASIL;11438.20;1136007.48;;16.36;14.15;BANCO BMG;;;;;;BANCO PAN;-364.60;19459.93;;-15.41;-12.84;BANRISUL;833.71;47392.68;52.14;16.34;19.37;;;;;;
30/09/2012;ITAUUNIBANCO;11254.51;103576.22;;13.37;52.88;BRADESCO;11213.56;793564.10;62.20;16.98;-2.86;BTGP BANCO;2222.50;85434.81;23.21;23.74;28.77;SANTANDER BR;6447.90;412694.90;;7.95;13.53;BRASIL;11454.15;1009923.66;61.03;17.94;14.09;BANCO BMG;;;;;;BANCO PAN;-539.91;15786.07;255.90;-20.67;-57.27;BANRISUL;853.79;44869.11;58.65;17.79;18.43;;;;;;
30/06/2012;ITAUUNIBANCO;11592.61;98603.65;;14.24;56.73;BRADESCO;11166.34;787700.45;63.05;17.47;-9.93;BTGP BANCO;1970.49;82125.87;27.05;22.05;20.70;SANTANDER BR;6784.26;407211.24;;8.46;10.73;BRASIL;11540.90;962760.90;60.26;18.61;12.78;BANCO BMG;;;;;;BANCO PAN;-294.56;13409.50;225.01;-10.39;-43.70;BANRISUL;885.44;42970.75;57.62;19.03;18.56;;;;;;
31/03/2012;ITAUUNIBANCO;14518.40;896841.83;52.64;19.52;17.42;BRADESCO;11118.76;758678.52;56.86;19.15;-5.18;BTGP BANCO;1673.77;72450.85;27.66;24.82;25.10;SANTANDER BR;7407.89;395940.03;;9.32;15.87;BRASIL;11869.40;913866.69;56.49;19.84;14.59;BANCO BMG;;;;;;BANCO PAN;-54.59;13613.59;135.04;-2.34;-36.11;BANRISUL;907.45;40033.46;56.76;19.94;21.11;;;;;;
31/12/2011;ITAUUNIBANCO;14610.00;818136.00;53.72;19.39;17.73;BRADESCO;11089.44;722086.89;49.75;18.67;17.05;BTGP BANCO;1339.56;82392.06;55.33;20.47;19.63;SANTANDER BR;7755.85;399886.08;;9.94;17.12;BRASIL;12736.91;966823.07;;20.13;16.64;BANCO BMG;;;;;;BANCO PAN;231.07;15266.34;;23.76;-6.19;BANRISUL;934.17;38316.71;;20.38;23.97;;;;;;
30/09/2011;ITAUUNIBANCO;14578.37;836994.30;;20.76;16.75;BRADESCO;11289.33;724325.51;55.18;21.01;-3.99;BTGP BANCO;;;;;;SANTANDER BR;10306.26;414983.07;;13.39;25.87;BRASIL;13155.80;859280.12;51.17;23.38;16.74;BANCO BMG;;;;;;BANCO PAN;-28.06;11415.07;-306.90;-1.99;-151.94;BANRISUL;907.54;36788.43;55.16;21.11;23.55;;;;;;
30/06/2011;ITAUUNIBANCO;13614.63;792500.39;;19.62;20.72;BRADESCO;11001.08;691780.69;52.90;20.82;4.47;BTGP BANCO;;;;;;SANTANDER BR;10437.87;406870.55;;13.87;33.11;BRASIL;12889.28;816131.15;49.97;23.75;19.83;BANCO BMG;;;;;;BANCO PAN;-133.25;10611.71;182.77;-8.86;-3298.62;BANRISUL;874.74;34984.30;54.98;21.24;24.59;;;;;;
31/03/2011;ITAUUNIBANCO;12966.64;778472.49;;19.31;21.14;BRADESCO;10621.01;674900.26;56.64;20.70;3.68;BTGP BANCO;;;;;;SANTANDER BR;10122.81;383987.38;;13.55;33.18;BRASIL;12284.66;787908.49;51.29;23.55;19.99;BANCO BMG;;;;;;BANCO PAN;-106.47;11677.99;136.75;-6.75;-17.77;BANRISUL;830.69;33172.84;55.95;20.72;24.43;;;;;;
31/12/2010;ITAUUNIBANCO;12493.00;727481.00;;18.39;21.48;BRADESCO;10052.19;602954.02;45.31;19.65;22.10;BTGP BANCO;810.91;46459.80;30.10;14.47;26.79;SANTANDER BR;7382.57;374662.68;;10.06;24.33;BRASIL;11330.35;802819.79;;20.82;19.44;BANCO BMG;;;;;;BANCO PAN;-187.30;16588.42;;47.07;-156.98;BANRISUL;760.25;32688.39;;19.03;24.53;;;;;;
30/09/2010;ITAUUNIBANCO;12645.95;686248.44;55.59;22.10;24.94;BRADESCO;9215.87;611903.43;32.50;19.99;20.27;BTGP BANCO;;;;;;SANTANDER BR;5850.66;357632.62;;8.01;19.67;BRASIL;11856.48;796815.26;50.36;24.60;25.04;BANCO BMG;;;;;;BANCO PAN;60.91;13785.64;;4.59;8.24;BANRISUL;695.68;32339.35;;18.57;23.58;;;;;;
30/06/2010;ITAUUNIBANCO;11880.02;651582.99;53.46;21.57;25.26;BRADESCO;8499.95;558100.22;32.64;19.19;18.73;BTGP BANCO;;;;;;SANTANDER BR;4330.57;347246.18;;6.05;8.38;BRASIL;11210.23;755705.63;50.61;28.50;25.38;BANCO BMG;;;;;;BANCO PAN;150.72;12583.38;;10.99;12.89;BANRISUL;635.34;31098.75;;17.70;22.71;;;;;;
31/03/2010;ITAUUNIBANCO;11285.96;634663.19;51.05;21.30;27.33;BRADESCO;8391.98;532626.06;32.81;19.48;16.33;BTGP BANCO;;;;;;SANTANDER BR;3150.40;316048.90;;4.45;2.77;BRASIL;10832.91;724881.38;50.45;28.78;25.19;BANCO BMG;;;;;;BANCO PAN;177.77;11812.49;;12.80;14.82;BANRISUL;556.43;29864.56;;15.99;20.62;;;;;;
31/12/2009;ITAUUNIBANCO;10066.61;608273.23;50.56;19.86;25.33;BRADESCO;8012.28;506223.09;32.80;19.19;15.58;BTGP BANCO;;;;;;SANTANDER BR;1805.90;342323.74;73.60;2.80;-1.61;BRASIL;10147.52;708548.84;53.51;28.09;22.18;BANCO BMG;;;;;;BANCO PAN;174.02;11590.56;;13.25;14.95;BANRISUL;541.10;29084.14;;15.88;20.02;;;;;;
30/09/2009;ITAUUNIBANCO;8725.50;612398.93;61.81;17.86;6.38;BRADESCO;7436.43;485685.69;33.80;19.13;11.55;BTGP BANCO;;;;;;SANTANDER BR;1670.06;334755.14;75.13;3.21;-3.80;BRASIL;8936.41;685684.30;54.32;26.55;16.50;BANCO BMG;;;;;;BANCO PAN;58.09;10365.84;;4.45;10.16;BANRISUL;528.70;28573.21;;16.02;18.11;;;;;;
30/06/2009;ITAUUNIBANCO;8305.05;596387.07;66.79;17.57;2.64;BRADESCO;7535.67;482477.61;34.37;20.22;10.11;BTGP BANCO;;;;;;SANTANDER BR;1753.15;323899.02;72.65;3.55;1.63;BRASIL;8824.85;598838.59;55.08;27.27;14.44;BANCO BMG;;;;;;BANCO PAN;72.16;10096.19;;5.73;8.86;BANRISUL;493.40;27743.30;;15.43;16.17;;;;;;
31/03/2009;ITAUUNIBANCO;7774.84;618943.35;70.71;17.28;-0.26;BRADESCO;7240.77;482140.94;33.59;20.51;12.24;BTGP BANCO;;;;;;SANTANDER BR;1611.36;330346.13;71.81;3.27;3.30;BRASIL;8120.88;591925.23;55.73;26.32;13.88;BANCO BMG;;;;;;BANCO PAN;97.95;8649.92;;7.78;8.94;BANRISUL;576.47;26501.52;;18.36;16.65;;;;;;
31/12/2008;ITAUUNIBANCO;7803.48;632728.40;73.14;17.87;-1.62;BRADESCO;7620.24;454413.04;33.41;22.24;13.28;BTGP BANCO;;;;;;SANTANDER BR;1580.61;340635.47;68.77;3.24;4.11;BRASIL;8802.87;521272.82;50.19;29.40;17.99;BANCO BMG;;;;;;BANCO PAN;95.58;8976.48;;8.05;7.97;BANRISUL;590.87;25205.38;;19.19;18.15;;;;;;
30/09/2008;ITAUUNIBANCO;7961.09;396599.22;53.86;25.20;23.94;BRADESCO;8208.04;422705.71;33.56;24.02;18.25;BTGP BANCO;;;;;;SANTANDER BR;1866.38;328130.70;61.08;3.75;9.36;BRASIL;7075.45;458873.12;55.66;25.37;16.99;BANCO BMG;;;;;;BANCO PAN;;;;;;BANRISUL;533.59;25505.89;;17.96;18.75;;;;;;
30/06/2008;ITAUUNIBANCO;8541.30;343870.15;51.64;28.15;33.10;BRADESCO;8108.02;403270.69;33.44;24.05;20.80;BTGP BANCO;;;;;;SANTANDER BR;1714.35;126804.63;58.25;16.16;12.22;BRASIL;6572.53;416502.97;56.16;24.92;19.00;BANCO BMG;;;;;;BANCO PAN;;;;;;BANRISUL;499.48;23223.05;;17.19;21.41;;;;;;
31/03/2008;ITAUUNIBANCO;8615.43;327624.40;52.64;29.44;28.66;BRADESCO;8406.89;355517.34;34.15;25.55;21.25;BTGP BANCO;;;;;;SANTANDER BR;1680.79;120352.72;56.90;17.86;12.01;BRASIL;5996.80;404871.85;57.90;23.60;18.14;BANCO BMG;;;;;;BANCO PAN;;;;;;BANRISUL;398.86;21655.15;;14.14;22.09;;;;;;
31/12/2007;ITAUUNIBANCO;8473.60;294876.25;52.37;29.25;33.69;BRADESCO;8009.72;341184.40;34.64;26.38;22.35;BTGP BANCO;;;;;;SANTANDER BR;1845.40;116036.94;56.03;19.92;13.39;BRASIL;5058.12;357750.24;59.41;20.85;17.46;BANCO BMG;;;;;;BANCO PAN;130.04;7102.71;;11.03;10.34;BANRISUL;916.38;20480.33;;32.82;21.60;;;;;;
30/09/2007;ITAUUNIBANCO;7723.97;298483.61;53.10;27.58;31.15;BRADESCO;7519.67;317647.50;34.09;25.74;22.70;BTGP BANCO;;;;;;SANTANDER BR;1652.96;124778.01;53.67;16.18;12.77;BRASIL;5089.36;342398.10;59.45;22.06;17.70;BANCO BMG;;;;;;BANCO PAN;;;;;;BANRISUL;908.91;20114.38;;33.38;21.74;;;;;;
30/06/2007;ITAUUNIBANCO;5367.12;255417.70;54.56;20.22;21.33;BRADESCO;5928.28;290568.19;34.28;21.55;17.65;BTGP BANCO;;;;;;SANTANDER BR;1675.93;120888.32;53.73;16.76;13.75;BRASIL;4632.76;332967.57;60.22;20.77;17.36;BANCO BMG;;;;;;BANCO PAN;;;;;;BANRISUL;897.89;17198.94;;48.64;19.20;;;;;;
31/03/2007;ITAUUNIBANCO;4750.60;257849.85;54.19;19.02;20.80;BRADESCO;5229.10;281944.29;34.80;20.09;16.20;BTGP BANCO;;;;;;SANTANDER BR;1284.44;104146.06;54.77;14.81;14.01;BRASIL;5109.90;321898.02;61.06;23.61;18.26;BANCO BMG;;;;;;BANCO PAN;;;;;;BANRISUL;905.60;16238.78;;48.93;17.45;;;;;;
31/12/2006;ITAUUNIBANCO;4308.93;209691.16;54.99;18.29;19.44;BRADESCO;5054.04;265547.27;34.42;20.51;16.49;BTGP BANCO;;;;;;SANTANDER BR;803.62;102027.10;54.98;10.08;13.47;BRASIL;6043.78;296356.42;61.98;29.12;15.91;BANCO BMG;;;;;;BANCO PAN;72.42;4721.14;;17.20;10.40;BANRISUL;361.66;15648.52;;27.93;17.04;;;;;;
30/09/2006;ITAUUNIBANCO;4454.09;206934.92;54.63;20.53;20.54;BRADESCO;4813.75;243191.64;33.79;22.11;16.02;BTGP BANCO;;;;;;SANTANDER BR;;;;;;BRASIL;5532.44;281615.00;66.18;27.39;15.15;BANCO BMG;;;;;;BANCO PAN;;;;;;BANRISUL;386.25;15279.29;;29.76;16.55;;;;;;
30/06/2006;ITAUUNIBANCO;5735.09;172412.77;53.53;32.67;33.36;BRADESCO;6025.17;232935.11;33.26;28.08;23.10;BTGP BANCO;;;;;;SANTANDER BR;;;;;;BRASIL;6062.96;273835.58;61.27;31.61;18.40;BANCO BMG;;;;;;BANCO PAN;;;;;;BANRISUL;366.40;14567.07;;29.73;16.46;;;;;;
31/03/2006;ITAUUNIBANCO;5570.02;163203.79;53.48;33.52;40.87;BRADESCO;5838.91;216391.35;32.88;28.66;25.04;BTGP BANCO;;;;;;SANTANDER BR;;;;;;BRASIL;5531.69;264634.93;56.09;28.80;19.71;BANCO BMG;;;;;;BANCO PAN;;;;;;BANRISUL;344.50;13753.57;;28.76;17.29;;;;;;
31/12/2005;ITAUUNIBANCO;5251.33;151241.43;53.90;33.75;40.25;BRADESCO;5514.07;208682.93;33.38;28.41;23.08;BTGP BANCO;;;;;;SANTANDER BR;176.32;5250.83;44.80;10.19;14.76;BRASIL;4153.60;252976.99;57.14;24.65;21.30;BANCO BMG;;;;;;BANCO PAN;;;;;;BANRISUL;351.95;14089.51;;30.79;18.10;;;;;;
30/09/2005;ITAUUNIBANCO;4856.85;144671.19;49.36;31.89;49.87;BRADESCO;5109.27;201913.22;34.05;27.98;26.88;BTGP BANCO;;;;;;SANTANDER BR;;;;;;BRASIL;4187.50;245510.76;53.02;24.89;22.16;BANCO BMG;;;;;;BANCO PAN;;;;;;BANRISUL;367.45;13423.26;;32.07;19.77;;;;;;
30/06/2005;ITAUUNIBANCO;4425.22;144545.33;48.82;29.45;56.16;BRADESCO;4431.39;194542.09;34.65;25.40;26.09;BTGP BANCO;;;;;;SANTANDER BR;;;;;;BRASIL;3582.09;233792.95;54.52;23.27;20.65;BANCO BMG;;;;;;BANCO PAN;;;;;;BANRISUL;365.09;12931.91;;32.89;20.54;;;;;;
31/03/2005;ITAUUNIBANCO;4040.76;146402.78;50.12;27.62;43.40;BRADESCO;3656.86;191298.91;35.66;22.11;18.40;BTGP BANCO;;;;;;SANTANDER BR;;;;;;BRASIL;3373.00;245685.36;61.03;22.59;16.15;BANCO BMG;;;;;;BANCO PAN;;;;;;BANRISUL;355.27;12653.88;;33.43;19.91;;;;;;
31/12/2004;ITAUUNIBANCO;3775.62;130338.64;51.51;27.02;42.05;BRADESCO;3060.15;184926.47;35.92;20.11;15.09;BTGP BANCO;;;;;;SANTANDER BR;;;;;;BRASIL;3024.01;239014.14;61.16;21.44;14.82;BANCO BMG;;;;;;BANCO PAN;;;;;;BANRISUL;303.22;12126.17;;29.55;18.87;;;;;;
30/09/2004;ITAUUNIBANCO;3599.25;138519.77;58.38;26.72;32.93;BRADESCO;2717.54;179703.50;35.92;18.51;8.44;BTGP BANCO;;;;;;SANTANDER BR;;;;;;BRASIL;2890.60;235599.30;61.36;20.99;14.26;BANCO BMG;;;;;;BANCO PAN;;;;;;BANRISUL;293.97;11987.41;59.43;33.46;16.99;;;;;;
30/06/2004;ITAUUNIBANCO;3486.28;122759.55;59.08;27.26;26.04;BRADESCO;2529.08;176253.81;36.63;18.53;4.85;BTGP BANCO;;;;;;SANTANDER BR;;;;;;BRASIL;2722.84;227374.44;64.39;21.17;11.30;BANCO BMG;;;;;;BANCO PAN;;;;;;BANRISUL;297.41;12323.14;60.16;35.60;16.38;;;;;;
31/03/2004;ITAUUNIBANCO;3313.81;126979.34;59.92;26.56;35.09;BRADESCO;2407.45;160971.03;36.41;17.67;6.67;BTGP BANCO;;;;;;SANTANDER BR;;;;;;BRASIL;2517.57;231107.15;59.04;19.85;14.24;BANCO BMG;;;;;;BANCO PAN;;;;;;BANRISUL;269.39;11985.67;57.87;31.69;15.50;;;;;;
31/12/2003;ITAUUNIBANCO;3151.82;118737.86;57.41;26.53;39.98;BRADESCO;2306.34;176097.69;36.09;17.02;7.99;BTGP BANCO;;;;;;SANTANDER BR;;;;;;BRASIL;2380.98;230144.45;58.17;19.56;15.51;BANCO BMG;;;;;;BANCO PAN;;;;;;BANRISUL;285.44;11721.02;;35.64;16.71;;;;;;
30/09/2003;ITAUUNIBANCO;2987.31;118981.95;46.57;26.06;52.35;BRADESCO;2289.24;130827.44;71.02;17.65;-12.68;BTGP BANCO;;;;;;SANTANDER BR;;;;;;BRASIL;2343.53;215133.93;58.30;20.05;16.41;BANCO BMG;;;;;;BANCO PAN;;;;;;BANRISUL;201.11;12371.04;54.64;25.42;13.56;;;;;;
30/06/2003;ITAUUNIBANCO;2819.35;106799.15;46.61;26.17;33.08;BRADESCO;2145.66;120578.28;68.65;17.13;-6.34;BTGP BANCO;;;;;;SANTANDER BR;;;;;;BRASIL;2283.45;205762.13;57.26;21.00;9.65;BANCO BMG;;;;;;BANCO PAN;;;;;;BANRISUL;195.01;12150.86;47.78;26.28;13.73;;;;;;
31/03/2003;ITAUUNIBANCO;2587.19;113097.65;46.47;25.91;19.95;BRADESCO;2104.98;117094.16;67.88;17.98;-5.13;BTGP BANCO;;;;;;SANTANDER BR;;;;;;BRASIL;2157.65;209240.06;61.74;21.23;4.19;BANCO BMG;;;;;;BANCO PAN;;;;;;BANRISUL;181.26;11645.06;50.29;25.80;13.21;;;;;;
31/12/2002;ITAUUNIBANCO;2376.72;111141.44;49.28;26.30;15.59;BRADESCO;2022.59;142773.33;34.26;18.65;4.07;BTGP BANCO;;;;;;SANTANDER BR;;;;;;BRASIL;2027.68;204594.61;63.39;22.05;2.41;BANCO BMG;;;;;;BANCO PAN;;;;;;BANRISUL;149.65;11210.30;;21.62;12.79;;;;;;
;;;;;;;;;;;;;;;;;;;;;;;;;;;;;;;;;;;;;;;;;;;;;;;;;;;;;;
